               m,               p_surf[1],               Q_surf[1],               p_surf[2],               Q_surf[2]
 1.000000000e+00,        +4.421922457e-02,+inf                    ,        +2.186990275e-03,+inf                    
 2.000000000e+00,        +2.706117641e-04,+inf                    ,        +1.413424454e-05,+inf                    
 3.000000000e+00,        +2.058197895e+00,+inf                    ,        +1.718508609e-01,+inf                    
 4.000000000e+00,        +2.165262279e+00,+inf                    ,        +1.953089698e-01,+inf                    
 5.000000000e+00,        +9.982777206e-05,+inf                    ,        +1.147358192e-05,+inf                    
 6.000000000e+00,        +2.630539919e+00,+inf                    ,        +4.438337533e-01,+inf                    
 7.000000000e+00,        +2.571938861e+00,+inf                    ,        +2.967413303e-01,+inf                    
 8.000000000e+00,        +3.285824146e-04,+inf                    ,        +2.552101288e-05,+inf                    
 9.000000000e+00,        +2.717038707e+00,+inf                    ,        +2.088924611e-01,+inf                    
